<?xml version="1.0" encoding="UTF-8"?>
<!DOCTYPE mapper
        PUBLIC "-//mybatis.org//DTD Mapper 3.0//EN"
        "http://mybatis.org/dtd/mybatis-3-mapper.dtd">

<mapper namespace="Friend">

    <resultMap id="selectResult" type="User">
        <result property="id" column="id"/>
        <result property="idUser" column="user_id"/>
        <result property="idFriend" column="friend_id"/>
        <result property="status" column="status"/>
    </resultMap>

    <insert id="insert" parameterType="User" useGeneratedKeys="true" keyProperty="id">
        INSERT INTO friends (
        user_id, friend_id, status)
        VALUES (
        #{idUser}, #{idFriend}, #{status})
    </insert>


</mapper>