<?xml version="1.0" encoding="UTF-8"?>
<!DOCTYPE mapper
        PUBLIC "-//mybatis.org//DTD Mapper 3.0//EN"
        "http://mybatis.org/dtd/mybatis-3-mapper.dtd">

<mapper namespace="Match">

    <resultMap id="selectResult" type="Match">
        <result property="matchId" column="id"/>
        <result property="groupId" column="group_id"/>
        <result property="localId" column="local_team_id"/>
        <result property="visitorId" column="visitor_team_id"/>
        <result property="scoreLocal" column="local_score"/>
        <result property="scoreVisitor" column="visitor_score"/>
        <result property="matchDate" column="match_date"/>
        <result property="enabled_flag" column="status"/>
        <result property="matchCode" column="match_code"/>
        <result property="resultMatch" column="result_match"/>
        <result property="matchPlace" column="match_place"/>
        <result property="lastUpdatedDate" column="last_updated_date"/>
        <result property="lastUpdatedBy" column="last_updated_by"/>
    </resultMap>

    <insert id="insert" parameterType="Match" useGeneratedKeys="true" keyProperty="id">
        INSERT INTO matchs (
        group_id, local_team_id, visitor_team_id,
        match_date, status, match_code, match_place)
        VALUES (
        #{groupId}, #{localId}, #{visitorId}, #{matchDate},
        #{enabled_flag}, #{matchCode}, #{matchPlace} )
    </insert>

    <update id="update" parameterType="Match">
        UPDATE matchs
        SET
        group_id = #{groupId} AND
        local_team_id = #{localId} AND
        visitor_team_id = #{visitorId} AND
        match_date = #{matchDate} AND
        status = #{enabled_flag} AND
        match_code = #{matchCode} AND
        match_place = #{matchPlace}
        WHERE id = #{matchId}
    </update>

    <select id="selectById" parameterType="map" resultMap="selectResult">
        SELECT
        id, group_id, local_team_id, visitor_team_id,
        local_score, visitor_score, match_date, status,
        match_code, result_match, match_place, last_updated_date, last_updated_by
        FROM matchs
        WHERE id = #{matchId}
    </select>

</mapper>