<?xml version="1.0" encoding="UTF-8"?>
<!DOCTYPE mapper
        PUBLIC "-//mybatis.org//DTD Mapper 3.0//EN"
        "http://mybatis.org/dtd/mybatis-3-mapper.dtd">

<mapper namespace="User">

    <resultMap id="selectResult" type="User">
        <result property="userid" column="user_id"/>
        <result property="name" column="full_name"/>
        <result property="email" column="email_address"/>
        <result property="username" column="nickname"/>
        <result property="password" column="user_password"/>
    </resultMap>

    <select id="validateLogin" parameterType="User" resultMap="selectResult">
        select user_id, nickname, user_password, email_address, full_name
        from users where nickname = #{username} and user_password = #{password}

    </select>

</mapper>