<?xml version="1.0" encoding="UTF-8"?>
<!DOCTYPE configuration
        PUBLIC "-//mybatis.org//DTD Config 3.0//EN"
        "http://mybatis.org/dtd/mybatis-3-config.dtd">

<configuration>

    <typeAliases>
        <typeAlias alias="Person" type="com.amadeus.betgroup.model.Person"/>
        <typeAlias alias="User" type="com.amadeus.betgroup.model.account.User"/>
        <typeAlias alias="CreditDetail" type="com.amadeus.betgroup.model.account.CreditDetail"/>
        <typeAlias alias="Credit" type="com.amadeus.betgroup.model.account.Credit"/>
    </typeAliases>

    <environments default="development">
        <environment id="development">
            <transactionManager type="JDBC"/>
            <!--  connecting to Local MySql -->
            <dataSource type="POOLED">
                <property name="driver" value="org.postgresql.Driver"/>
                <property name="url" value="jdbc:postgresql://173.249.6.111:5489/polla"/>
                <property name="username" value="postgres"/>
                <property name="password" value="IntiTec02"/>
            </dataSource>
        </environment>
    </environments>

    <mappers>
        <mapper resource="mapper/Person.xml"/>
        <mapper resource="mapper/User.xml"/>
        <mapper resource="mapper/Credits.xml"/>
        <mapper resource="mapper/CreditDetails.xml"/>
    </mappers>


</configuration>