<?xml version="1.0" encoding="UTF-8"?>
<!DOCTYPE mapper
        PUBLIC "-//mybatis.org//DTD Mapper 3.0//EN"
        "http://mybatis.org/dtd/mybatis-3-mapper.dtd">

<mapper namespace="Match">
    <resultMap id="matchResult" type="Match">
        <result property="matchId" column="id"/>
        <result property="groupId" column="group_id"/>
        <result property="localId" column="local_team_id"/>
        <result property="localTeam.teamId" column="local_team_id"/>
        <result property="localTeam.teamName" column="local_team_name"/>
        <result property="localTeam.sportId" column="local_sport_id"/>
        <result property="localTeam.image" column="image_local"/>
        <result property="localTeam.enabled_flag" column="teamlocal_status"/>
        <result property="visitorTeam.teamId" column="visitor_team_id"/>
        <result property="visitorTeam.teamName" column="visitor_team_name"/>
        <result property="visitorTeam.sportId" column="visitor_sport_id"/>
        <result property="visitorTeam.image" column="image_visitor"/>
        <result property="visitorTeam.enabled_flag" column="teamVisitor_Status"/>
        <result property="visitorId" column="visitor_team_id"/>
        <result property="scoreLocal" column="local_score"/>
        <result property="scoreVisitor" column="visitor_score"/>
        <result property="matchDate" column="match_date"/>
        <result property="enabled_flag" column="match_status"/>
        <result property="matchCode" column="match_code"/>
        <result property="resultMatch" column="result_match"/>
        <result property="matchPlace" column="match_place"/>
        <result property="lastUpdatedDate" column="last_updated_date"/>
        <result property="lastUpdatedBy" column="last_updated_by"/>
        <result property="group.phaseId" column="phase_id"/>
        <result property="group.groupId" column="ggroup_id"/>
        <result property="group.groupName" column="group_name"/>
        <result property="group.groupCode" column="group_code"/>
        <result property="group.groupOrder" column="group_order"/>
        <result property="group.status" column="group_status"/>
        <result property="group.phase.tournamentId" column="tournament_id"/>
        <result property="group.phase.phaseId" column="pphase_id"/>
        <result property="group.phase.phaseName" column="phase_name"/>
        <result property="group.phase.phaseNumber" column="phase_order"/>
        <result property="group.phase.enabled_flag" column="phase_status"/>
        <result property="group.phase.tournament.sportId" column="sport_id"/>
        <result property="group.phase.tournament.tournamentId" column="ttournament_id"/>
        <result property="group.phase.tournament.tournamentName" column="tournament_name"/>
        <result property="group.phase.tournament.enabled_flag" column="tourna_status"/>
        <result property="group.phase.tournament.startDate" column="tourna_start_date"/>
        <result property="group.phase.tournament.sport.sportId" column="ssport_id"/>
        <result property="group.phase.tournament.sport.sportCode" column="code"/>
        <result property="group.phase.tournament.sport.sportName" column="name"/>
        <result property="group.phase.tournament.sport.logo" column="logo"/>
    </resultMap>
    <select id="getAllMatchInfoByMatchId" parameterType="int" resultMap="matchResult">
        select sp.id as ssport_id, sp.code, sp.name, sp.logo,
               t.id as ttournament_id, t.sport_id, t.tournament_name, t.status as tourna_status, t.start_date as tourna_start_date,
               p.id as pphase_id, p.tournament_id, p.phase_name, p.phase_order, p.status as phase_status,
               g.id as ggroup_id, g.phase_id, g.group_name, g.group_order, g.status as group_status, g.group_code,
               m.id, m.group_id,
               m.local_team_id,
               tl.team_name as local_team_name, tl.sport_id as local_sport_id,
               tl.image as image_local, tl.status as teamlocal_status,
               m.visitor_team_id,
               tv.team_name as visitor_team_name, tv.sport_id as visitor_sport_id,
               tv.image as image_visitor, tv.status as teamVisitor_Status,
               m.local_score,
               m.visitor_score,
               m.result_match,
               m.match_date,
               m.match_place,
               m.match_code,
               m.status as match_status
            from matchs as m,
              teams as tl,
              teams as tv,
              groups as g,
              phases as p,
              tournaments as t,
              sports as sp

            where m.local_team_id = tl.id
                  and sp.id = t.sport_id
                  and m.visitor_team_id = tv.id
                  and m.group_id = g.id
                  and g.phase_id = p.id
                  and p.tournament_id = t.id
                  and m.id = #{matchId}

    </select>


    <insert id="insert" parameterType="Match" useGeneratedKeys="true" keyProperty="id">
        INSERT INTO matchs (
        group_id, local_team_id, visitor_team_id,
        match_date, status, match_code, match_place)
        VALUES (
        #{groupId}, #{localId}, #{visitorId}, #{matchDate},
        #{enabled_flag}, #{matchCode}, #{matchPlace} )
    </insert>

    <update id="update" parameterType="Match">
        UPDATE matchs
        SET
        group_id = #{groupId} AND
        local_team_id = #{localId} AND
        visitor_team_id = #{visitorId} AND
        match_date = #{matchDate} AND
        status = #{enabled_flag} AND
        match_code = #{matchCode} AND
        match_place = #{matchPlace}
        WHERE id = #{matchId}
    </update>

    <select id="selectById" parameterType="map" resultMap="matchResult">
        SELECT
        id, group_id, local_team_id, visitor_team_id,
        local_score, visitor_score, match_date, status,
        match_code, result_match, match_place, last_updated_date, last_updated_by
        FROM matchs
        WHERE id = #{matchId}
    </select>


</mapper>