<?xml version="1.0" encoding="UTF-8"?>
<!DOCTYPE mapper
        PUBLIC "-//mybatis.org//DTD Mapper 3.0//EN"
        "http://mybatis.org/dtd/mybatis-3-mapper.dtd">

<mapper namespace="PollaParticipants">
    <resultMap id="participantsResult" type="PollaParticipant">
        <result property="pollaParticipantId" column="id"/>
        <result property="pollaHeaderId" column="polla_header_id"/>
        <result property="inscriptionDate" column="inscription_Date"/>
        <result property="paymentStatus" column="admin_payment_Status"/>
        <result property="total" column="total"/>
        <result property="earnings" column="earnings"/>
        <result property="position" column="position"/>
        <result property="status" column="status"/>
        <association property="user" resultMap="userResult"/>
    </resultMap>
    <resultMap id="userResult" type="User">
        <result property="userId" column="user_id"/>
        <result property="name" column="full_name"/>
        <result property="email" column="email_address"/>
        <result property="username" column="nickname"/>
        <result property="password" column="user_password"/>
    </resultMap>

    <select id="getParticipantsByPollaId" parameterType="int" resultMap="participantsResult">
        SELECT pp.id, pp.polla_header_id, pp.inscription_date, pp.admin_payment_status, pp.total,
              pp.earnings, pp.position, pp.status,
              aa.user_id, aa.full_name, aa.email_address, aa.nickname, aa.user_password FROM polla_participants AS pp, users AS aa
        WHERE pp.user_id = aa.user_id  AND pp.polla_header_id = #{pollaHeaderId}
    </select>

</mapper>